{
  "parent": "builtin/generated",
  "textures": {
    "layer0": "cittofirmgenerated:item/fervor_helmet"
  },
  "display": {
    "thirdperson_righthand": {
      "rotation": [
        -90,
        -0.0,
        20.0
      ],
      "translation": [
        0,
        1,
        -3
      ],
      "scale": [
        0.8499997000000001,
        0.8499997000000001,
        0.8499997000000001
      ]
    },
    "thirdperson_lefthand": {
      "rotation": [
        -90,
        0.0,
        -20.0
      ],
      "translation": [
        0,
        1,
        -3
      ],
      "scale": [
        0.8499997000000001,
        0.8499997000000001,
        0.8499997000000001
      ]
    },
    "firstperson_righthand": {
      "rotation": [
        0,
        -90.0,
        25.0
      ],
      "translation": [
        0,
        4,
        2
      ],
      "scale": [
        0.68,
        0.68,
        0.68
      ]
    },
    "firstperson_lefthand": {
      "rotation": [
        0,
        90.0,
        -25.0
      ],
      "translation": [
        0,
        4,
        2
      ],
      "scale": [
        0.68,
        0.68,
        0.68
      ]
    }
  }
}