{"maxMoneyPerSecond":469.8339338868871,"maxCollectionPerSecond":18.79993733354222}