{"shiny-pigs":true,"pig-hud":{"x":0.802189650229358,"y":0.480685987708045,"scale":1.0}}