{"highlight-pet":true,"pet-overlay":false,"pet-overlay-hud":{"x":0.5081889938630492,"y":0.8405433240362982,"scale":1.0}}