{"timeout":30000,"position":{"x":0.1915222977453581,"y":0.2595158265001362,"scale":1.0},"fine-gemstones":false}